Feature,Weight
ce,96.41710261603788
moa,78.77214200012337
cbm,71.80810749116914
cam,67.31413956262782
ic,67.05186071873841
dit,65.85730506182288
lcom3,64.71172906694866
max_cc,63.39557983887283
wmc,62.73489481518868
mfa,59.59096972176714
dam,56.14133336297058
npm,55.70491532532677
noc,54.26129623104609
loc,53.84748868139402
cbo,50.92264687198609
lcom,49.31416506638966
amc,42.27151362614765
ca,40.940487374568455
avg_cc,35.15161320088957
rfc,31.800850762136914
