inputfile,mcc,auc,balance,fmeasure,precision,pd,pf
ant-1.3.csv,0.30934984842518853,0.675,0.4804383655426907,0.41939393939393943,0.37835497835497833,0.55,0.2
