inputfile,mcc,auc,balance,fmeasure,precision,pd,pf
ant-1.3.csv,0.33920670833201316,0.726190476190476,0.6606430080570947,0.4265047044458809,0.2824068088773971,0.9,0.44761904761904764
