inputfile,mcc,auc,balance,fmeasure,precision,pd,pf
ant-1.3.csv,0.44838984145208566,0.780952380952381,0.7559119497346464,0.5324675324675325,0.405974025974026,0.8,0.23809523809523805
